{
  "limits": {
    "core": {
      "limit": 5000,
      "remaining": 4784,
      "reset": 1755590334,
      "used": 0
    },
    "search": {
      "limit": 30,
      "remaining": 30,
      "reset": 1755586793.8346853,
      "used": 0
    },
    "graphql": {
      "limit": 5000,
      "remaining": 5000,
      "reset": 1755590333.834686,
      "used": 0
    }
  },
  "backoff_until": null
}